Well Position,Name,Sequence
A1,F0193-TCACTGCAGA,AATGATACGGCGACCACCGAGATCTACACTCACTGCAGATCGTCGGCAGCGTC
A2,F0194-CTCTTGCTCT,AATGATACGGCGACCACCGAGATCTACACCTCTTGCTCTTCGTCGGCAGCGTC
A3,F0195-ATGTCTGAAG,AATGATACGGCGACCACCGAGATCTACACATGTCTGAAGTCGTCGGCAGCGTC
A4,F0196-TGTCCAACTT,AATGATACGGCGACCACCGAGATCTACACTGTCCAACTTTCGTCGGCAGCGTC
A5,F0197-CACTTCAAGG,AATGATACGGCGACCACCGAGATCTACACCACTTCAAGGTCGTCGGCAGCGTC
A6,F0198-CTACTCCAAG,AATGATACGGCGACCACCGAGATCTACACCTACTCCAAGTCGTCGGCAGCGTC
A7,F0199-TTGCTACGAT,AATGATACGGCGACCACCGAGATCTACACTTGCTACGATTCGTCGGCAGCGTC
A8,F0200-TCTGTAGGAA,AATGATACGGCGACCACCGAGATCTACACTCTGTAGGAATCGTCGGCAGCGTC
A9,F0201-AGGTACTGAC,AATGATACGGCGACCACCGAGATCTACACAGGTACTGACTCGTCGGCAGCGTC
A10,F0202-TGTTCGTGTA,AATGATACGGCGACCACCGAGATCTACACTGTTCGTGTATCGTCGGCAGCGTC
A11,F0203-CCTGCATCTA,AATGATACGGCGACCACCGAGATCTACACCCTGCATCTATCGTCGGCAGCGTC
A12,F0204-TACTCGTCTG,AATGATACGGCGACCACCGAGATCTACACTACTCGTCTGTCGTCGGCAGCGTC
B1,F0205-ACTCCTAGAA,AATGATACGGCGACCACCGAGATCTACACACTCCTAGAATCGTCGGCAGCGTC
B2,F0206-TCCTTCAGGA,AATGATACGGCGACCACCGAGATCTACACTCCTTCAGGATCGTCGGCAGCGTC
B3,F0207-AGCACTGTAC,AATGATACGGCGACCACCGAGATCTACACAGCACTGTACTCGTCGGCAGCGTC
B4,F0208-TCTCGTGTAC,AATGATACGGCGACCACCGAGATCTACACTCTCGTGTACTCGTCGGCAGCGTC
B5,F0209-CTACAACGAC,AATGATACGGCGACCACCGAGATCTACACCTACAACGACTCGTCGGCAGCGTC
B6,F0210-CACCACTTGT,AATGATACGGCGACCACCGAGATCTACACCACCACTTGTTCGTCGGCAGCGTC
B7,F0211-AGGAAGAAGG,AATGATACGGCGACCACCGAGATCTACACAGGAAGAAGGTCGTCGGCAGCGTC
B8,F0212-TACTGTGTCC,AATGATACGGCGACCACCGAGATCTACACTACTGTGTCCTCGTCGGCAGCGTC
B9,F0213-ACAGTGGATG,AATGATACGGCGACCACCGAGATCTACACACAGTGGATGTCGTCGGCAGCGTC
B10,F0214-TGGTGGTTCA,AATGATACGGCGACCACCGAGATCTACACTGGTGGTTCATCGTCGGCAGCGTC
B11,F0215-GATCCTACTA,AATGATACGGCGACCACCGAGATCTACACGATCCTACTATCGTCGGCAGCGTC
B12,F0216-GAACTGGACA,AATGATACGGCGACCACCGAGATCTACACGAACTGGACATCGTCGGCAGCGTC
C1,F0217-CATGAGACCT,AATGATACGGCGACCACCGAGATCTACACCATGAGACCTTCGTCGGCAGCGTC
C2,F0218-TTGGAACTCA,AATGATACGGCGACCACCGAGATCTACACTTGGAACTCATCGTCGGCAGCGTC
C3,F0219-AAGTAGGACA,AATGATACGGCGACCACCGAGATCTACACAAGTAGGACATCGTCGGCAGCGTC
C4,F0220-TCTCCATGTG,AATGATACGGCGACCACCGAGATCTACACTCTCCATGTGTCGTCGGCAGCGTC
C5,F0221-TGCATCGACA,AATGATACGGCGACCACCGAGATCTACACTGCATCGACATCGTCGGCAGCGTC
C6,F0222-ATCGTACCAA,AATGATACGGCGACCACCGAGATCTACACATCGTACCAATCGTCGGCAGCGTC
C7,F0223-CACTAGTGTG,AATGATACGGCGACCACCGAGATCTACACCACTAGTGTGTCGTCGGCAGCGTC
C8,F0224-AGTCAACCTT,AATGATACGGCGACCACCGAGATCTACACAGTCAACCTTTCGTCGGCAGCGTC
C9,F0225-GAACACAAGA,AATGATACGGCGACCACCGAGATCTACACGAACACAAGATCGTCGGCAGCGTC
C10,F0226-TGAACTTCGT,AATGATACGGCGACCACCGAGATCTACACTGAACTTCGTTCGTCGGCAGCGTC
C11,F0227-AAGCAACGAT,AATGATACGGCGACCACCGAGATCTACACAAGCAACGATTCGTCGGCAGCGTC
C12,F0228-AAGGAACACC,AATGATACGGCGACCACCGAGATCTACACAAGGAACACCTCGTCGGCAGCGTC
D1,F0229-ACCATCGAGT,AATGATACGGCGACCACCGAGATCTACACACCATCGAGTTCGTCGGCAGCGTC
D2,F0230-AACGACCTCT,AATGATACGGCGACCACCGAGATCTACACAACGACCTCTTCGTCGGCAGCGTC
D3,F0231-TGTCTCATGG,AATGATACGGCGACCACCGAGATCTACACTGTCTCATGGTCGTCGGCAGCGTC
D4,F0232-TTCCAGTAGC,AATGATACGGCGACCACCGAGATCTACACTTCCAGTAGCTCGTCGGCAGCGTC
D5,F0233-ACTCAGACAA,AATGATACGGCGACCACCGAGATCTACACACTCAGACAATCGTCGGCAGCGTC
D6,F0234-TAGGATGTAC,AATGATACGGCGACCACCGAGATCTACACTAGGATGTACTCGTCGGCAGCGTC
D7,F0235-ACTTGACAGA,AATGATACGGCGACCACCGAGATCTACACACTTGACAGATCGTCGGCAGCGTC
D8,F0236-TTGAACCTTG,AATGATACGGCGACCACCGAGATCTACACTTGAACCTTGTCGTCGGCAGCGTC
D9,F0237-TAGTGACAAC,AATGATACGGCGACCACCGAGATCTACACTAGTGACAACTCGTCGGCAGCGTC
D10,F0238-TGACGAGTAG,AATGATACGGCGACCACCGAGATCTACACTGACGAGTAGTCGTCGGCAGCGTC
D11,F0239-CGTTGTGACA,AATGATACGGCGACCACCGAGATCTACACCGTTGTGACATCGTCGGCAGCGTC
D12,F0240-TAGTCTACAG,AATGATACGGCGACCACCGAGATCTACACTAGTCTACAGTCGTCGGCAGCGTC
E1,F0241-CATCAAGGTG,AATGATACGGCGACCACCGAGATCTACACCATCAAGGTGTCGTCGGCAGCGTC
E2,F0242-TAGCAGTGTA,AATGATACGGCGACCACCGAGATCTACACTAGCAGTGTATCGTCGGCAGCGTC
E3,F0243-TACTCGAAGC,AATGATACGGCGACCACCGAGATCTACACTACTCGAAGCTCGTCGGCAGCGTC
E4,F0244-ACCTGATGAA,AATGATACGGCGACCACCGAGATCTACACACCTGATGAATCGTCGGCAGCGTC
E5,F0245-AGCAGTGAGT,AATGATACGGCGACCACCGAGATCTACACAGCAGTGAGTTCGTCGGCAGCGTC
E6,F0246-AGAGCATCTC,AATGATACGGCGACCACCGAGATCTACACAGAGCATCTCTCGTCGGCAGCGTC
E7,F0247-AGCACATGTA,AATGATACGGCGACCACCGAGATCTACACAGCACATGTATCGTCGGCAGCGTC
E8,F0248-TGAACTCCAG,AATGATACGGCGACCACCGAGATCTACACTGAACTCCAGTCGTCGGCAGCGTC
E9,F0249-ACCAGACATC,AATGATACGGCGACCACCGAGATCTACACACCAGACATCTCGTCGGCAGCGTC
E10,F0250-AACACTCAGC,AATGATACGGCGACCACCGAGATCTACACAACACTCAGCTCGTCGGCAGCGTC
E11,F0251-TGTGGTGTTG,AATGATACGGCGACCACCGAGATCTACACTGTGGTGTTGTCGTCGGCAGCGTC
E12,F0252-GATGTGGAAG,AATGATACGGCGACCACCGAGATCTACACGATGTGGAAGTCGTCGGCAGCGTC
F1,F0253-TACCTACGTA,AATGATACGGCGACCACCGAGATCTACACTACCTACGTATCGTCGGCAGCGTC
F2,F0254-ACAGCTGCTT,AATGATACGGCGACCACCGAGATCTACACACAGCTGCTTTCGTCGGCAGCGTC
F3,F0255-TACTCCTACT,AATGATACGGCGACCACCGAGATCTACACTACTCCTACTTCGTCGGCAGCGTC
F4,F0256-GCTCACAAGT,AATGATACGGCGACCACCGAGATCTACACGCTCACAAGTTCGTCGGCAGCGTC
F5,F0257-AGTTGAGCAC,AATGATACGGCGACCACCGAGATCTACACAGTTGAGCACTCGTCGGCAGCGTC
F6,F0258-TGCTTGAACG,AATGATACGGCGACCACCGAGATCTACACTGCTTGAACGTCGTCGGCAGCGTC
F7,F0259-TACGTCAGAG,AATGATACGGCGACCACCGAGATCTACACTACGTCAGAGTCGTCGGCAGCGTC
F8,F0260-TTCAGGAGAA,AATGATACGGCGACCACCGAGATCTACACTTCAGGAGAATCGTCGGCAGCGTC
F9,F0261-TCTTCTAGAC,AATGATACGGCGACCACCGAGATCTACACTCTTCTAGACTCGTCGGCAGCGTC
F10,F0262-GTGACCTTCA,AATGATACGGCGACCACCGAGATCTACACGTGACCTTCATCGTCGGCAGCGTC
F11,F0263-AACAGCATCG,AATGATACGGCGACCACCGAGATCTACACAACAGCATCGTCGTCGGCAGCGTC
F12,F0264-TGTGTGACTA,AATGATACGGCGACCACCGAGATCTACACTGTGTGACTATCGTCGGCAGCGTC
G1,F0265-ATGCTTGTGG,AATGATACGGCGACCACCGAGATCTACACATGCTTGTGGTCGTCGGCAGCGTC
G2,F0266-GGAGATGCTA,AATGATACGGCGACCACCGAGATCTACACGGAGATGCTATCGTCGGCAGCGTC
G3,F0267-TGATCTACTG,AATGATACGGCGACCACCGAGATCTACACTGATCTACTGTCGTCGGCAGCGTC
G4,F0268-ACAACAGTGC,AATGATACGGCGACCACCGAGATCTACACACAACAGTGCTCGTCGGCAGCGTC
G5,F0269-ATCGTGATGC,AATGATACGGCGACCACCGAGATCTACACATCGTGATGCTCGTCGGCAGCGTC
G6,F0270-AACTCTACCT,AATGATACGGCGACCACCGAGATCTACACAACTCTACCTTCGTCGGCAGCGTC
G7,F0271-TCATCCATCC,AATGATACGGCGACCACCGAGATCTACACTCATCCATCCTCGTCGGCAGCGTC
G8,F0272-GCTTGGACTT,AATGATACGGCGACCACCGAGATCTACACGCTTGGACTTTCGTCGGCAGCGTC
G9,F0273-CATCTACGAA,AATGATACGGCGACCACCGAGATCTACACCATCTACGAATCGTCGGCAGCGTC
G10,F0274-ACAAGACACT,AATGATACGGCGACCACCGAGATCTACACACAAGACACTTCGTCGGCAGCGTC
G11,F0275-CCTAGTGTCA,AATGATACGGCGACCACCGAGATCTACACCCTAGTGTCATCGTCGGCAGCGTC
G12,F0276-TGGATCTCTA,AATGATACGGCGACCACCGAGATCTACACTGGATCTCTATCGTCGGCAGCGTC
H1,F0277-GAACCAACAG,AATGATACGGCGACCACCGAGATCTACACGAACCAACAGTCGTCGGCAGCGTC
H2,F0278-GTGATGTAGG,AATGATACGGCGACCACCGAGATCTACACGTGATGTAGGTCGTCGGCAGCGTC
H3,F0279-AACATCCATC,AATGATACGGCGACCACCGAGATCTACACAACATCCATCTCGTCGGCAGCGTC
H4,F0280-GCTTGAGCTA,AATGATACGGCGACCACCGAGATCTACACGCTTGAGCTATCGTCGGCAGCGTC
H5,F0281-GCTACTACAT,AATGATACGGCGACCACCGAGATCTACACGCTACTACATTCGTCGGCAGCGTC
H6,F0282-TGACTTGTCG,AATGATACGGCGACCACCGAGATCTACACTGACTTGTCGTCGTCGGCAGCGTC
H7,F0283-GAACCTGCAA,AATGATACGGCGACCACCGAGATCTACACGAACCTGCAATCGTCGGCAGCGTC
H8,F0284-TAGTGGTGCT,AATGATACGGCGACCACCGAGATCTACACTAGTGGTGCTTCGTCGGCAGCGTC
H9,F0285-GTTGTTCGTC,AATGATACGGCGACCACCGAGATCTACACGTTGTTCGTCTCGTCGGCAGCGTC
H10,F0286-AGTTCTCGTC,AATGATACGGCGACCACCGAGATCTACACAGTTCTCGTCTCGTCGGCAGCGTC
H11,F0287-GATCAGGTCA,AATGATACGGCGACCACCGAGATCTACACGATCAGGTCATCGTCGGCAGCGTC
H12,F0288-CGACAAGCTT,AATGATACGGCGACCACCGAGATCTACACCGACAAGCTTTCGTCGGCAGCGTC
