Well Position,Name,Sequence
A1,R001-AGAGGTAC,CAAGCAGAAGACGGCATACGAGATAGAGGTACGTCTCGTGGGCTCGG
A2,R002-CATGTCGA,CAAGCAGAAGACGGCATACGAGATCATGTCGAGTCTCGTGGGCTCGG
A3,R003-CAACTGAG,CAAGCAGAAGACGGCATACGAGATCAACTGAGGTCTCGTGGGCTCGG
A4,R004-TTGGTAGG,CAAGCAGAAGACGGCATACGAGATTTGGTAGGGTCTCGTGGGCTCGG
A5,R005-GATGCAAG,CAAGCAGAAGACGGCATACGAGATGATGCAAGGTCTCGTGGGCTCGG
A6,R006-GTCAGTCA,CAAGCAGAAGACGGCATACGAGATGTCAGTCAGTCTCGTGGGCTCGG
A7,R007-ACCAACTT,CAAGCAGAAGACGGCATACGAGATACCAACTTGTCTCGTGGGCTCGG
A8,R008-AGTACCAC,CAAGCAGAAGACGGCATACGAGATAGTACCACGTCTCGTGGGCTCGG
A9,R009-TCCTCATC,CAAGCAGAAGACGGCATACGAGATTCCTCATCGTCTCGTGGGCTCGG
A10,R010-GTGTTGCT,CAAGCAGAAGACGGCATACGAGATGTGTTGCTGTCTCGTGGGCTCGG
A11,R011-GTTCATCT,CAAGCAGAAGACGGCATACGAGATGTTCATCTGTCTCGTGGGCTCGG
A12,R012-TGAACACC,CAAGCAGAAGACGGCATACGAGATTGAACACCGTCTCGTGGGCTCGG
B1,R013-ACTCACTA,CAAGCAGAAGACGGCATACGAGATACTCACTAGTCTCGTGGGCTCGG
B2,R014-CTGACCAA,CAAGCAGAAGACGGCATACGAGATCTGACCAAGTCTCGTGGGCTCGG
B3,R015-GGATGTCT,CAAGCAGAAGACGGCATACGAGATGGATGTCTGTCTCGTGGGCTCGG
B4,R016-CAGACAGT,CAAGCAGAAGACGGCATACGAGATCAGACAGTGTCTCGTGGGCTCGG
B5,R017-AGGTAGGA,CAAGCAGAAGACGGCATACGAGATAGGTAGGAGTCTCGTGGGCTCGG
B6,R018-CTTGTGAG,CAAGCAGAAGACGGCATACGAGATCTTGTGAGGTCTCGTGGGCTCGG
B7,R019-TCTCACAG,CAAGCAGAAGACGGCATACGAGATTCTCACAGGTCTCGTGGGCTCGG
B8,R020-AACCTGCT,CAAGCAGAAGACGGCATACGAGATAACCTGCTGTCTCGTGGGCTCGG
B9,R021-GAGAGAAG,CAAGCAGAAGACGGCATACGAGATGAGAGAAGGTCTCGTGGGCTCGG
B10,R022-GATGGATC,CAAGCAGAAGACGGCATACGAGATGATGGATCGTCTCGTGGGCTCGG
B11,R023-GTCCATGA,CAAGCAGAAGACGGCATACGAGATGTCCATGAGTCTCGTGGGCTCGG
B12,R024-TCAGTCTC,CAAGCAGAAGACGGCATACGAGATTCAGTCTCGTCTCGTGGGCTCGG
C1,R025-TCAGTACG,CAAGCAGAAGACGGCATACGAGATTCAGTACGGTCTCGTGGGCTCGG
C2,R026-TCAACGTC,CAAGCAGAAGACGGCATACGAGATTCAACGTCGTCTCGTGGGCTCGG
C3,R027-ATGGAAGA,CAAGCAGAAGACGGCATACGAGATATGGAAGAGTCTCGTGGGCTCGG
C4,R028-TGCAACAG,CAAGCAGAAGACGGCATACGAGATTGCAACAGGTCTCGTGGGCTCGG
C5,R029-CAGTGGAT,CAAGCAGAAGACGGCATACGAGATCAGTGGATGTCTCGTGGGCTCGG
C6,R030-GATCTCAG,CAAGCAGAAGACGGCATACGAGATGATCTCAGGTCTCGTGGGCTCGG
C7,R031-CACTGTCT,CAAGCAGAAGACGGCATACGAGATCACTGTCTGTCTCGTGGGCTCGG
C8,R032-GATCATGG,CAAGCAGAAGACGGCATACGAGATGATCATGGGTCTCGTGGGCTCGG
C9,R033-TGAACCTA,CAAGCAGAAGACGGCATACGAGATTGAACCTAGTCTCGTGGGCTCGG
C10,R034-ACCTGTCA,CAAGCAGAAGACGGCATACGAGATACCTGTCAGTCTCGTGGGCTCGG
C11,R035-GTAGAACA,CAAGCAGAAGACGGCATACGAGATGTAGAACAGTCTCGTGGGCTCGG
C12,R036-ACTAGCTC,CAAGCAGAAGACGGCATACGAGATACTAGCTCGTCTCGTGGGCTCGG
D1,R037-CAACACTC,CAAGCAGAAGACGGCATACGAGATCAACACTCGTCTCGTGGGCTCGG
D2,R038-GTTGGAGT,CAAGCAGAAGACGGCATACGAGATGTTGGAGTGTCTCGTGGGCTCGG
D3,R039-TCTGGTAG,CAAGCAGAAGACGGCATACGAGATTCTGGTAGGTCTCGTGGGCTCGG
D4,R040-ACAGTCAG,CAAGCAGAAGACGGCATACGAGATACAGTCAGGTCTCGTGGGCTCGG
D5,R041-CTGTTGGA,CAAGCAGAAGACGGCATACGAGATCTGTTGGAGTCTCGTGGGCTCGG
D6,R042-ACCACAGT,CAAGCAGAAGACGGCATACGAGATACCACAGTGTCTCGTGGGCTCGG
D7,R043-AGTACACG,CAAGCAGAAGACGGCATACGAGATAGTACACGGTCTCGTGGGCTCGG
D8,R044-GTACACAG,CAAGCAGAAGACGGCATACGAGATGTACACAGGTCTCGTGGGCTCGG
D9,R045-ACCTCTAC,CAAGCAGAAGACGGCATACGAGATACCTCTACGTCTCGTGGGCTCGG
D10,R046-CTACGTCA,CAAGCAGAAGACGGCATACGAGATCTACGTCAGTCTCGTGGGCTCGG
D11,R047-TAGTGTTC,CAAGCAGAAGACGGCATACGAGATTAGTGTTCGTCTCGTGGGCTCGG
D12,R048-GGTGAGTA,CAAGCAGAAGACGGCATACGAGATGGTGAGTAGTCTCGTGGGCTCGG
E1,R049-TGCTTCAA,CAAGCAGAAGACGGCATACGAGATTGCTTCAAGTCTCGTGGGCTCGG
E2,R050-AAGAGTCG,CAAGCAGAAGACGGCATACGAGATAAGAGTCGGTCTCGTGGGCTCGG
E3,R051-CGTACTTG,CAAGCAGAAGACGGCATACGAGATCGTACTTGGTCTCGTGGGCTCGG
E4,R052-AGTGTTGC,CAAGCAGAAGACGGCATACGAGATAGTGTTGCGTCTCGTGGGCTCGG
E5,R053-GAAGAGTG,CAAGCAGAAGACGGCATACGAGATGAAGAGTGGTCTCGTGGGCTCGG
E6,R054-TGCTACGT,CAAGCAGAAGACGGCATACGAGATTGCTACGTGTCTCGTGGGCTCGG
E7,R055-CTTCAACC,CAAGCAGAAGACGGCATACGAGATCTTCAACCGTCTCGTGGGCTCGG
E8,R056-TCACTGAT,CAAGCAGAAGACGGCATACGAGATTCACTGATGTCTCGTGGGCTCGG
E9,R057-GTGTACTG,CAAGCAGAAGACGGCATACGAGATGTGTACTGGTCTCGTGGGCTCGG
E10,R058-CTGTGTAC,CAAGCAGAAGACGGCATACGAGATCTGTGTACGTCTCGTGGGCTCGG
E11,R059-ACTGCACA,CAAGCAGAAGACGGCATACGAGATACTGCACAGTCTCGTGGGCTCGG
E12,R060-TTGAGGTT,CAAGCAGAAGACGGCATACGAGATTTGAGGTTGTCTCGTGGGCTCGG
F1,R061-CTTCGTGT,CAAGCAGAAGACGGCATACGAGATCTTCGTGTGTCTCGTGGGCTCGG
F2,R062-CGATGTAG,CAAGCAGAAGACGGCATACGAGATCGATGTAGGTCTCGTGGGCTCGG
F3,R063-GAAGACAC,CAAGCAGAAGACGGCATACGAGATGAAGACACGTCTCGTGGGCTCGG
F4,R064-CCTCTAGA,CAAGCAGAAGACGGCATACGAGATCCTCTAGAGTCTCGTGGGCTCGG
F5,R065-AACTCAGA,CAAGCAGAAGACGGCATACGAGATAACTCAGAGTCTCGTGGGCTCGG
F6,R066-TTGCATCC,CAAGCAGAAGACGGCATACGAGATTTGCATCCGTCTCGTGGGCTCGG
F7,R067-ACAAGGTT,CAAGCAGAAGACGGCATACGAGATACAAGGTTGTCTCGTGGGCTCGG
F8,R068-AGGATGCT,CAAGCAGAAGACGGCATACGAGATAGGATGCTGTCTCGTGGGCTCGG
F9,R069-ATCAGAGG,CAAGCAGAAGACGGCATACGAGATATCAGAGGGTCTCGTGGGCTCGG
F10,R070-TTGACACG,CAAGCAGAAGACGGCATACGAGATTTGACACGGTCTCGTGGGCTCGG
F11,R071-GCTCTCTT,CAAGCAGAAGACGGCATACGAGATGCTCTCTTGTCTCGTGGGCTCGG
F12,R072-CGAGTGAA,CAAGCAGAAGACGGCATACGAGATCGAGTGAAGTCTCGTGGGCTCGG
G1,R073-ACAACAAC,CAAGCAGAAGACGGCATACGAGATACAACAACGTCTCGTGGGCTCGG
G2,R074-GAACTCTA,CAAGCAGAAGACGGCATACGAGATGAACTCTAGTCTCGTGGGCTCGG
G3,R075-TGAAGTCG,CAAGCAGAAGACGGCATACGAGATTGAAGTCGGTCTCGTGGGCTCGG
G4,R076-AACAGACT,CAAGCAGAAGACGGCATACGAGATAACAGACTGTCTCGTGGGCTCGG
G5,R077-TTCCACTG,CAAGCAGAAGACGGCATACGAGATTTCCACTGGTCTCGTGGGCTCGG
G6,R078-AACGAAGT,CAAGCAGAAGACGGCATACGAGATAACGAAGTGTCTCGTGGGCTCGG
G7,R079-GTGAAGTA,CAAGCAGAAGACGGCATACGAGATGTGAAGTAGTCTCGTGGGCTCGG
G8,R080-CTGCTGAT,CAAGCAGAAGACGGCATACGAGATCTGCTGATGTCTCGTGGGCTCGG
G9,R081-TCGTTCGA,CAAGCAGAAGACGGCATACGAGATTCGTTCGAGTCTCGTGGGCTCGG
G10,R082-TGAGGATC,CAAGCAGAAGACGGCATACGAGATTGAGGATCGTCTCGTGGGCTCGG
G11,R083-GCTTCTCA,CAAGCAGAAGACGGCATACGAGATGCTTCTCAGTCTCGTGGGCTCGG
G12,R084-CTTCACAT,CAAGCAGAAGACGGCATACGAGATCTTCACATGTCTCGTGGGCTCGG
H1,R085-GATCTAGC,CAAGCAGAAGACGGCATACGAGATGATCTAGCGTCTCGTGGGCTCGG
H2,R086-GACTGCTT,CAAGCAGAAGACGGCATACGAGATGACTGCTTGTCTCGTGGGCTCGG
H3,R087-CTACTAGT,CAAGCAGAAGACGGCATACGAGATCTACTAGTGTCTCGTGGGCTCGG
H4,R088-ACGAACAG,CAAGCAGAAGACGGCATACGAGATACGAACAGGTCTCGTGGGCTCGG
H5,R089-TGATCGTT,CAAGCAGAAGACGGCATACGAGATTGATCGTTGTCTCGTGGGCTCGG
H6,R090-TGTAGAAG,CAAGCAGAAGACGGCATACGAGATTGTAGAAGGTCTCGTGGGCTCGG
H7,R091-TCCTAGCA,CAAGCAGAAGACGGCATACGAGATTCCTAGCAGTCTCGTGGGCTCGG
H8,R092-ATCGATGC,CAAGCAGAAGACGGCATACGAGATATCGATGCGTCTCGTGGGCTCGG
H9,R093-ATGACTAG,CAAGCAGAAGACGGCATACGAGATATGACTAGGTCTCGTGGGCTCGG
H10,R094-CAAGTGTC,CAAGCAGAAGACGGCATACGAGATCAAGTGTCGTCTCGTGGGCTCGG
H11,R095-GCTTGAAG,CAAGCAGAAGACGGCATACGAGATGCTTGAAGGTCTCGTGGGCTCGG
H12,R096-TCAGGTCA,CAAGCAGAAGACGGCATACGAGATTCAGGTCAGTCTCGTGGGCTCGG
